{
    "23122" : {
        "name" : "Набор Полезный Завтрак",
        "cost" : 225,
        "description" : "Яичница, помидоры и бобы",
        "img" : "products-image2.jpg"
    },
    "23123" : {
        "name" : "Здоровый Сэндвич",
        "cost" : 125,
        "description" : "Злаковый хлеб, капуста, помидоры, огурцы.",
        "img" : "products-image1.jpg"
    },
    "23124" : {
        "name" : "Набор Здоровый перекус",
        "cost" : 149,
        "description" : "Огурцы, виноград, яблоки, клубника.",
        "img" : "products-image3.jpg"
    }
}